"LIST_TYPE","LIST_CODE","JGP_CODE","ALGORITHM_CODE","HOSPITAL_LIMIT","AGE_LIMIT","COND1_ICD9_LIST_CODE","COND1_ICD9_COUNT","COND2_ICD9_LIST_CODE","COND2_ICD9_COUNT","COND_MAIN_ICD10_LIST_CODE","COND1_ICD10_LIST_CODE","COND2_ICD10_LIST_CODE","LIMIT_SEX","LIMIT_ACCEPT","LIMIT_EXTRACT","NEGATIVE_ICD9_LIST_CODE","NEGATIVE_ICD10_LIST_CODE"
"ICD9","A02","A01","e",,,,,,,"A01",,,,,,,
"ICD9","A02","A02","e",,,,,,,"A02",,,,,,,
"ICD9","A03","A03","j",,,"A04",1,"A1",1,"A03",,,,,,,
"ICD9","A03","A03","t",,,"A04",1,"A1",1,,"A5",,,,,,
"ICD9","A04","A04","e",,,,,,,"A04",,,,,,"A03",
"ICD9","A04","A04","v",,,,,,,,"A6",,,,,"A03",
"ICD9","A11A","A11","a",,,,,,,,,,,,,,
"ICD9","A11B","A11","a",,,,,,,,,,,,,,"A1N"
"ICD9","A12B","A12","a",,,,,,,,,,,,,,"A1N"
"ICD9","A12A","A12","a",,,,,,,,,,,,,,
"ICD9","A13A","A13","a",,,,,,,,,,,,,,"A3N"
"ICD9","A13B","A13","a",,,,,,,,,,,,,,"A1N"
"ICD9","A14A","A14","a",,,,,,,,,,,,,,"A3N"
"ICD9","A14B","A14","a",,,,,,,,,,,,,,"A1N"
"ICD9","A22","A22","a",,,,,,,,,,,,,,
"ICD9","A23","A23","a",,,,,,,,,,,,,,
"ICD9","A25","A25","e",,,,,,,"A31",,,,,,,
"ICD9","A26","A26","b",1,,,,,,,,,,,,,
"ICD10","A30","A30","d",,,"A2",1,"A2",1,,,,,,,,
"ICD10","LOg","A30","d",,,"A2",1,"A2",1,,"A30r",,,,,,
"ICD10","A31","A31","a",,,,,,,,,,,,,,
"ICD10","LOg","A31","r",,,,,,,,"A31r",,,,,,
"ICD10","A32","A32","a",,,,,,,,,,,,,,
"ICD10","LOg","A32","r",,,,,,,,"A32r",,,,,,
"ICD10","A33","A33","a",,,,,,,,,,,,,,
"ICD10","A34","A34","a",,,,,,,,,,,,,,
"ICD10","A35","A35","a",,,,,,,,,,,,,,
"ICD10","LOg","A35","r",,,,,,,,"A35r",,,,,,
"ICD10","A36","A36","a",,,,,,,,,,,,,,
"ICD10","A45","A45","a",,,,,,,,,,,,,,
"ICD10","A46","A46","a",,,,,,,,,,,,,,
"ICD10","LOg","A46","r",,,,,,,,"A46r",,,,,,
"ICD10","A46","A47","d",,,"A3",1,"A3",1,,,,,,,,
"ICD10","LOg","A47","d",,,"A3",1,"A3",1,,"A46r",,,,,,
"ICD9","A48","A48","g",5,,"A48",1,,,"A48",,,,,,,
"ICD9","A49","A49","e",3,,,,,,"A48",,,,,,,
"ICD10","A50","A50","a",,,,,,,,,,,,,,
"ICD9","A51","A51","e",5,,,,,,"A51",,,,,,,
"ICD9","A51","A51","e",,,,,,,"A51",,,,,9,,
"ICD10","A56","A56","a",,,,,,,,,,,,,,
"ICD10","LOg","A56","r",,,,,,,,"A56r",,,,,,
"ICD10","A57","A57","a",,,,,,,,,,,,,,
"ICD10","LOg","A57","r",,,,,,,,"A57r",,,,,,
"ICD10","A58","A58","a",,,,,,,,,,,,,,
"ICD10","A59","A59","a",,,,,,,,,,,,,,
"ICD10","A66","A66","a",,,,,,,,,,,,,,
"ICD10","A66","A67","d",3,,"A4",1,"A4",1,,,,,,,,
"ICD10","A67","A67","d",3,,"A4",1,"A4",1,,,,,,,,
"ICD10","A76","A76","a",,,,,,,,,,,,,,
"ICD10","A77","A77","a",,,,,,,,,,,,,,
"ICD10","A86","A86","a",,,,,,,,,,,,,,
"ICD10","A87","A87","a",,,,,,,,,,,,,,
"ICD10","LOg","A87","r",,,,,,,,"A87r",,,,,,
"ICD9","B01","B01","g",,,"B1",1,,,"B01",,,,,,,
"ICD10","B02","B02","a",,,,,,,,,,,,,"B01",
"ICD9","B04","B04","f",,,"B2",1,,,,,,,,,,
"ICD9","B05A","B05","a",,,,,,,,,,,,,"B2",
"ICD9","B05B","B05","a",,,,,,,,,,,,,,
"ICD9","B06","B06","a",,,,,,,,,,,,,,
"ICD9","B11","B11","i",,,"B2",1,"B3",1,,,,,,,,
"ICD9","B12","B12","g",,,"B2",1,,,"B12",,,,,,,
"ICD9","B12","B12","s",,,"B2",1,,,,"B5",,,,,,
"ICD9","B13","B13","g",,,"B2",1,,,"B13",,,,,,,
"ICD9","B14","B14","g",,,"B2",1,,,"B12",,,,,,,
"ICD9","B14","B14","s",,,"B2",1,,,,"B5",,,,,,
"ICD9","B15","B15","g",,,"B2",1,,,"B13",,,,,,,
"ICD9","B17","B16","f",,,"B4",1,,,,,,,,,,
"ICD9","B17","B17","a",,,,,,,,,,,,,"B4",
"ICD9","B23","B23","a",,,,,,,,,,,,,"B2",
"ICD9","B24","B24","a",,,,,,,,,,,,,,
"ICD9","B32","B32","a",,,,,,,,,,,,,,
"ICD9","B33","B33","a",,,,,,,,,,,,,,
"ICD9","B34","B34","b",1,,,,,,,,,,,,,
"ICD9","B42","B42","a",,,,,,,,,,,,,,
"ICD9","B43","B43","a",,,,,,,,,,,,,,
"ICD9","B44","B44","b",1,,,,,,,,,,,,,
"ICD9","B52","B52","a",,,,,,,,,,,,,,
"ICD9","B53","B53","a",,,,,,,,,,,,,,
"ICD9","B63","B63","a",,,,,,,,,,,,,,
"ICD9","B72","B72","a",,,,,,,,,,,,,,
"ICD9","B73","B73","a",,,,,,,,,,,,,,
"ICD9","B74","B74","b",1,,,,,,,,,,,,,
"ICD9","B81","B81","a",,,,,,,,,,,,,,
"ICD9","B82","B82","f",,,"B4",1,,,,,,,,,,
"ICD9","B83","B83","a",,,,,,,,,,,,,"B4",
"ICD9","B84","B84","a",,,,,,,,,,,,,,
"ICD10","B98","B98","a",,,,,,,,,,,,,,
"ICD10","LOg","B98","r",,,,,,,,"B98r",,,,,,
"ICD9","C01","C01","j",,,"C1",1,"C2",1,"C01",,,,,,,
"ICD9","C05","C05","a",,,,,,,,,,,,,,
"ICD9","C06","C06","f",,,"C3",1,,,,,,,,,,
"ICD9","C07","C07","a",,,,,,,,,,,,,,
"ICD9","C11","C11","a",,,,,,,,,,,,,,
"ICD9","C11A","C11","f",,,"C11A",1,,,,,,,,,,
"ICD9","C12","C12","a",,,,,,,,,,,,,,
"ICD9","C14","C13","y",,1,,,,,,,,,,,,
"ICD9","C14","C14","y",,2,,,,,,,,,,,,
"ICD9","C15","C15","b",1,,,,,,,,,,,,,
"ICD9","C21","C21","a",,,,,,,,,,,,,,
"ICD9","C22","C22","a",,,,,,,,,,,,,,
"ICD9","C23","C23","a",,,,,,,,,,,,,,
"ICD9","C24","C24","a",,,,,,,,,,,,,,
"ICD9","C31","C31","a",,,,,,,,,,,,,,
"ICD9","C32","C32","a",,,,,,,,,,,,,,
"ICD9","C33","C33","a",,,,,,,,,,,,,,
"ICD9","C34","C34","b",1,,,,,,,,,,,,,
"ICD9","C41","C41","a",,,,,,,,,,,,,,
"ICD9","C42","C42","a",,,,,,,,,,,,,,
"ICD9","C43","C43","a",,,,,,,,,,,,,,
"ICD9","C44","C44","b",1,,,,,,,,,,,,,
"ICD9","C45","C45","y",,1,,,,,,,,,,,,
"ICD9","C46","C46","y",,1,,,,,,,,,,,,
"ICD10","C48","C48","o",3,1,"C48",1,"C48",1,,"C4",,,,,,
"ICD10","C56","C56","a",,,,,,,,,,,,,,
"ICD10","C57","C57","a",,,,,,,,,,,,,,
"ICD10","LOg","C57","r",,,,,,,,"C57r",,,,,,
"ICD9","D01","D01","i",,,"D1",1,"D2",1,,,,,,,,
"ICD9","D02","D02","a",,,,,,,,,,,,,,
"ICD9","D03","D03","a",,,,,,,,,,,,,,
"ICD9","D04","D04","y",4,,,,,,,,,,,,,
"ICD9","D05","D05","y",7,,,,,,,,,,,,,
"ICD10","D10","D10","a",,,,,,,,,,,,,,
"ICD10","D16","D16","a",,,,,,,,,,,,,,
"ICD10","D17","D17","a",,,,,,,,,,,,,,
"ICD10","D18","D18","a",,,,,,,,,,,,,,
"ICD10","LOg","D18","r",,,,,,,,"D18r",,,,,,
"ICD10","D19","D19","a",,,,,,,,,,,,,,
"ICD10","D20","D20","a",,,,,,,,,,,,,,
"ICD10","D21","D21","a",,,,,,,,,,,,,,
"ICD10","D26","D26","a",,,,,,,,,,,,,,
"ICD10","LOg","D26","r",,,,,,,,"D26r",,,,,,
"ICD10","D28","D28","a",,,,,,,,,,,,,,
"ICD9","D36","D36","e",,,,,,,"D36",,,,,,,
"ICD10","D37","D37","a",,,,,,,,,,,,,,
"ICD10","LOg","D37","r",,,,,,,,"D37r",,,,,,
"ICD10","D38","D38","a",,,,,,,,,,,,,,
"ICD10","D46","D46","a",,,,,,,,,,,,,,
"ICD10","D48","D47","u",,,,,,,,"Dpw",,,,,,
"ICD10","D48","D48","a",,,,,,,,,,,,,,
"ICD10","D49","D49","a",,,,,,,,,,,,,,
"ICD10","D50","D50","a",,,,,,,,,,,,,,
"ICD10","D51","D51","a",,,,,,,,,,,,,,
"ICD10","D52","D52","a",,,,,,,,,,,,,,
"ICD10","D53","D53","y",,2,,,,,,,,,,,,
"ICD10","D54","D54","a",,,,,,,,,,,,,,
"ICD10","D55","D55","a",,,,,,,,,,,,,,
"ICD10","D56","D56","y",,1,,,,,,,,,,,,
"ICD9","E03","E02","y",,2,,,,,,,,,,,,
"ICD9","E03","E03","y",,1,,,,,,,,,,,,
"ICD9","E06","E04","g",,,"E11",1,,,"E14",,,,,,,
"ICD9","E06","E05","v",,,,,,,,"Epw",,,,,"E11",
"ICD9","E06","E05","y",,3,,,,,,,,,,,"E11",
"ICD9","E06","E06","y",,4,,,,,,,,,,,"E11",
"ICD9","E14","E11","z",3,,"E1",2,"E11",1,"E14",,,,,,,
"ICD9","E14","E12","g",,,"E1",1,,,"E14",,,,,,,
"ICD9","E14A","E13","e",3,,,,,,"E14",,,,,,"E1N",
"ICD9","E14B","E13","e",3,,,,,,"E14",,,,,,,
"ICD9","E14A","E14","e",4,,,,,,"E14",,,,,,"E1N",
"ICD9","E14B","E14","e",4,,,,,,"E14",,,,,,,
"ICD10","E17","E16","u",,,,,,,,"Epw",,,,,,
"ICD10","E17","E16","y",,3,,,,,,,,,,,,
"ICD10","E17","E17","y",,4,,,,,,,,,,,,
"ICD10","E18","E18","a",,,,,,,,,,,,,,
"ICD10","E19","E19","e",,,"E8",1,,,,,,,,,,
"ICD9","E21","E21","y",,2,,,,,,,,,,,,
"ICD9","E22","E22","y",,2,,,,,,,,,,,,
"ICD9","E23","E23","f",,,"E4",1,,,,,,,,,,
"ICD9","E25","E24","h",,,"E2",1,,,,,,,,,,
"ICD9","E25","E24","h",,,"E3",1,,,,,,,,,,
"ICD9","E25","E25","f",,,"E5",1,,,,,,,,,,
"ICD9","E26","E26","a",,,,,,,,,,,,,,
"ICD9","E27","E27","y",7,,,,,,,,,,,,,
"ICD9","E31","E31","a",,,,,,,,,,,,,,
"ICD9","E32","E32","a",,,,,,,,,,,,,,
"ICD9","E33","E33","a",,,,,,,,,,,,,,
"ICD9","E34","E34","a",,,,,,,,,,,,,,
"ICD9","E36","E36","y",,2,,,,,,,,,,,,
"ICD9","E37","E37","a",,,,,,,,,,,,,,
"ICD9","E38","E38","e",,,,,,,"E51",,,,,,,
"ICD9","E39","E39","y",,1,,,,,,,,,,,,
"ICD9","E43","E41","f",,,"E7",1,,,,,,,,,,
"ICD9","E43","E42","f",,,"E6",1,,,,,,,,,,
"ICD9","E43","E43","a",,,,,,,,,,,,,,
"ICD9","E44","E44","y",4,,,,,,,,,,,,,
"ICD10","E51","E51","a",,,,,,,,,,,,,,
"ICD9","E52","E52","e",,,,,,,"E54",,,,,,,
"ICD10","E54","E53","u",,,,,,,,"Epw",,,,,,
"ICD10","E54","E53","y",,3,,,,,,,,,,,,
"ICD10","E54","E54","y",,4,,,,,,,,,,,,
"ICD10","E55","E55","a",,,,,,,,,,,,,,
"ICD10","E57","E56","u",,,,,,,,"Epw",,,,,,
"ICD10","E57","E56","y",,3,,,,,,,,,,,,
"ICD10","E57","E57","y",,5,,,,,,,,,,,,
"ICD10","E59","E59","a",,,,,,,,,,,,,,
"ICD10","E64","E61","u",,,,,,,,"Epw",,,,,,
"ICD10","E64","E61","y",,3,,,,,,,,,,,,
"ICD10","E64","E62","y",,5,,,,,,,,,,,,
"ICD10","E64","E63","u",,7,,,,,,"Epwdz",,,,,,
"ICD10","E64","E63","y",,6,,,,,,,,,,,,
"ICD10","E64","E64","y",,7,,,,,,,,,,,,
"ICD10","E71","E71","a",,,,,,,,,,,,,,
"ICD10","E72","E72","y",,2,,,,,,,,,,,,
"ICD10","E73","E73","y",,2,,,,,,,,,,,,
"ICD10","E76","E74","y",,2,,,,,,,,,,,,
"ICD10","E76","E75","u",,7,,,,,,"Epwdz",,,,,,
"ICD10","E76","E75","y",,6,,,,,,,,,,,,
"ICD10","E76","E76","y",,7,,,,,,,,,,,,
"ICD10","E77","E77","y",,2,,,,,,,,,,,,
"ICD10","LOg","E78","r",,6,,,,,,"E79r",,,,,,
"ICD10","LOg","E78","r",,7,,,,,,"Epwdz","E79r",,,,,
"ICD10","E79","E78","u",,7,,,,,,"Epwdz",,,,,,
"ICD10","E79","E78","y",,6,,,,,,,,,,,,
"ICD10","LOg","E79","r",,7,,,,,,"E79r",,,,,,
"ICD10","E79","E79","y",,7,,,,,,,,,,,,
"ICD9","E86","E86","c",5,2,"E86",1,,,"E88","E9",,,,,,
"ICD9","E86","E87","c",3,2,"E86",1,,,"E88","E9",,,,,,
"ICD10","E88","E88","y",,2,,,,,,,,,,,,
"ICD9","F01A","F01","a",,,,,,,,,,,,,,
"ICD9","F01B","F01","a",,,,,,,,,,,,,,"F66"
"ICD9","F02A","F02","a",,,,,,,,,,,,,,
"ICD9","F02B","F02","a",,,,,,,,,,,,,,"F66"
"ICD9","F03","F03","e",,,,,,,"F07",,,,,,,
"ICD9","F03","F03","e",,,,,,,"LOg","F07r",,,,,,
"ICD9","F04","F04","b",1,,,,,,,,,,,,,
"ICD10","F07","F07","a",,,,,,,,,,,,,,
"ICD10","LOg","F07","r",,,,,,,,"F07r",,,,,,
"ICD9","F11","F11","q",,,,,,,"F16",,,,,,,
"ICD9","F11","F11","q",,,,,,,"F11",,,,,,,
"ICD9","F12","F12","q",,,,,,,"F16",,,,,,,
"ICD9","F12","F12","q",,,,,,,"F11",,,,,,,
"ICD9","F13","F13","q",,,,,,,"F11",,,,,,,
"ICD9","F13","F13","q",,,,,,,"F16",,,,,,,
"ICD10","F16","F16","a",,,,,,,,,,,,,,
"ICD9","F21","F21","a",,,,,,,,,,,,,,"F1N"
"ICD9","F22","F22","q",,,,,,,"F26",,,,,,,
"ICD9","F22","F22","q",,,,,,,"F46",,,,,,,
"ICD9","F22","F22","q",,,,,,,"LOg","F46r",,,,,,
"ICD10","F26","F26","a",,,,,,,,,,,,,,
"ICD9","F31","F31","e",,,,,,,"F36",,,,,,,
"ICD9","F32","F32","e",,,,,,,"F32",,,,,,,
"ICD9","F33A","F33","y",7,,,,,,,,,,,,,
"ICD9","F33B","F33","y",7,,,,,,,,,,,,,"F1N"
"ICD9","F33C","F33","y",7,,,,,,,,,,,,,"F57"
"ICD10","F36","F36","a",,,,,,,,,,,,,,
"ICD9","F42","F42","q",,,,,,,"F46",,,,,,,
"ICD9","F42","F42","q",,,,,,,"LOg","F46r",,,,,,
"ICD9","F42","F42","q",,,,,,,"F47",,,,,,,
"ICD9","F43","F43","q",,,,,,,"F46",,,,,,,
"ICD9","F43","F43","q",,,,,,,"LOg","F46r",,,,,,
"ICD9","F43","F43","q",,,,,,,"F47",,,,,,,
"ICD9","F44","F44","b",1,,,,,,,,,,,,,
"ICD10","F46","F46","a",,,,,,,,,,,,,,
"ICD10","LOg","F46","r",,,,,,,,"F46r",,,,,,
"ICD10","F47","F47","a",,,,,,,,,,,,,,
"ICD9","F51","F51","e",,,,,,,"F57",,,,,,,
"ICD9","F52","F52","e",,,,,,,"F57",,,,,,,
"ICD9","F53","F53","e",7,,,,,,"F57",,,,,,,
"ICD10","F57","F56","y",,2,,,,,,,,,,,,
"ICD10","F57","F57","y",,1,,,,,,,,,,,,
"ICD9","F61","F61","e",,,,,,,"F66",,,,,,,
"ICD9","F62","F62","e",,,,,,,"F66",,,,,,,
"ICD9","F63","F63","e",,,,,,,"F66",,,,,,,
"ICD10","F66","F66","a",,,,,,,,,,,,,,
"ICD9","F72","F72","a",,,,,,,,,,,,,,
"ICD9","F73","F73","a",,,,,,,,,,,,,,
"ICD9","F83","F82","e",,,,,,,"F82",,,,,,,
"ICD9","F83","F83","e",,,,,,,"F86",,,,,,,
"ICD10","F86","F86","a",,,,,,,,,,,,,,
"ICD9","F93","F93","a",,,,,,,,,,,,,,
"ICD9","F94","F94","y",7,,,,,,,,,,,,,
"ICD10","F96","F96","a",,,,,,,,,,,,,,
"ICD9","G01","G01","q",,,,,,,"G16",,,,,,,
"ICD9","G01","G01","q",,,,,,,"G18",,,,,,,
"ICD9","G01","G01","q",,,,,,,"LOg","G18r",,,,,,
"ICD9","G11","G11","q",,,,,,,"G16",,,,,,,
"ICD9","G11","G11","q",,,,,,,"G18",,,,,,,
"ICD9","G11","G11","q",,,,,,,"LOg","G18r",,,,,,
"ICD9","G12","G12","q",,,,,,,"G16",,,,,,,
"ICD9","G12","G12","q",,,,,,,"G18",,,,,,,
"ICD9","G12","G12","q",,,,,,,"LOg","G18r",,,,,,
"ICD9","G13","G13","a",,,,,,,,,,,,,,
"ICD9","G14","G14","b",1,,,,,,,,,,,,,
"ICD10","G16","G16","a",,,,,,,,,,,,,,
"ICD10","LOg","G17","r",,,,,,,,"G18r","Gpw",,,,,
"ICD10","G18","G17","u",,,,,,,,"Gpw",,,,,,
"ICD10","G18","G18","a",,,,,,,,,,,,,,
"ICD10","LOg","G18","r",,,,,,,,"G18r",,,,,,
"ICD9","G21","G21","a",,,,,,,,,,,,,,
"ICD9","G22","G22","a",,,,,,,,,,,,,,
"ICD9","G25","G24","v",,,,,,,,"Gpw",,,,,,
"ICD9","G25","G25","a",,,,,,,,,,,,,,
"ICD10","G26","G26","a",,,,,,,,,,,,,,
"ICD10","LOg","G26","r",,,,,,,,"G26r",,,,,,
"ICD10","G28","G28","a",,,,,,,,,,,,,,
"ICD9","G30","G30","e",,,,,,,"G2",,,,,,,
"ICD9","G30","G30","v",,,,,,,,"G3",,,,,,
"ICD9","G31","G31","a",,,,,,,,,,,,,,
"ICD9","G32","G32","a",,,,,,,,,,,,,,
"ICD9","G33","G33","a",,,,,,,,,,,,,,
"ICD9","G34","G34","a",,,,,,,,,,,,,,
"ICD9","G35","G35","y",7,,,,,,,,,,,,,"G37"
"ICD10","G37","G36","o",3,,"G1",1,"G1",1,,"Gpw",,,,,,
"ICD10","G37","G37","a",,,,,,,,,,,,,,
"ICD10","G38","G38","a",,,,,,,,,,,,,,
"ICD9","G42","G42","a",,,,,,,,,,,,,,
"ICD9","H01","H01","e",,,,,,,"H01",,,,,,,
"ICD9","H01","H01","v",,,,,,,,"H8x",,,,,,
"ICD9","H02","H02","e",,,,,,,"H02",,,,,,,
"ICD9","H02","H02","v",,,,,,,,"H8x",,,,,,
"ICD9","H03","H03","e",,,,,,,"H01",,,,,,,
"ICD9","H03","H03","v",,,,,,,,"H8x",,,,,,
"ICD9","H04","H04","g",,,"H1",1,,,"H04",,,,,,,
"ICD9","H04","H04","s",,,"H1",1,,,,"H8x",,,,,,
"ICD9","H05","H05","g",,,"H2",1,,,"H05",,,,,,,
"ICD9","H05","H05","s",,,"H2",1,,,,"H8x",,,,,,
"ICD9","H06","H06","g",,,"H3",1,,,"H06",,,,,,,
"ICD9","H06","H06","s",,,"H3",1,,,,"H8x",,,,,,
"ICD9","H07","H07","g",,,"H3",1,,,"H07",,,,,,,
"ICD9","H07","H07","s",,,"H3",1,,,,"H8x",,,,,,
"ICD9","H08","H08","g",,,"H3",1,,,"H07",,,,,,,
"ICD9","H08","H08","s",,,"H3",1,,,,"H8x",,,,,,
"ICD9","H10","H09","g",,,"H4",1,,,"H07",,,,,,,
"ICD9","H10","H09","s",,,"H4",1,,,,"H8x",,,,,,
"ICD9","H10","H10","g",,,"H5",1,,,"H10",,,,,,,
"ICD9","H11","H11","e",,,,,,,"H11",,,,,,,
"ICD9","H21","H21","j",,,"H6",1,"H23",1,"H8",,,,,,,
"ICD9","H21","H21","t",,,"H6",1,"H23",1,,"H8r",,,,,,
"ICD9","H22","H22","g",,,"H23",1,,,"H8",,,,,,,
"ICD9","H22","H22","s",,,"H23",1,,,,"H8r",,,,,,
"ICD9","H23","H23","e",,,,,,,"H8",,,,,,,
"ICD9","H23","H23","v",,,,,,,,"H8r",,,,,,
"ICD9","H31","H31","g",,,"H6",1,,,"H8",,,,,,,
"ICD9","H31","H31","s",,,"H6",1,,,,"H8r",,,,,,
"ICD9","H32","H32","e",,,,,,,"H8",,,,,,,
"ICD9","H32","H32","v",,,,,,,,"H8r",,,,,,
"ICD9","H33","H33","e",,,,,,,"H8",,,,,,,
"ICD9","H33","H33","v",,,,,,,,"H8r",,,,,,
"ICD9","H41","H41","e",,,,,,,"H8",,,,,,,
"ICD9","H41","H41","v",,,,,,,,"H8r",,,,,,
"ICD9","H42","H42","e",,,,,,,"H8",,,,,,,
"ICD9","H42","H42","v",,,,,,,,"H8r",,,,,,
"ICD9","H43","H43","e",,,,,,,"H8",,,,,,,
"ICD9","H43","H43","v",,,,,,,,"H8r",,,,,,
"ICD9","H51","H51","j",,,"H8t",1,"H8u",1,"H51",,,,,,,
"ICD9","H52","H52","g",,,"H7",1,,,"H52",,,,,,,
"ICD9","H53","H53","e",,,,,,,"H53",,,,,,,
"ICD9","H55B","H55","e",,,,,,,"H8",,,,,,,
"ICD9","H55A","H55","g",,,"H23",1,,,"H8",,,,,,,
"ICD9","H55A","H55","s",,,"H23",1,,,,"H8r",,,,,,
"ICD9","H55B","H55","v",,,,,,,,"H8r",,,,,,
"ICD10","H56","H56","a",,,,,,,,,,,,,,
"ICD9","H60","H60","n",,,,,,,"H60","Hpw",,,,,,
"ICD9","H60","H61","e",,,,,,,"H60",,,,,,,
"ICD9","H62","H62","e",,,,,,,"H8",,,,,,,
"ICD9","H62","H62","v",,,,,,,,"H8r",,,,,,
"ICD9","H63","H63","e",,,,,,,"H8",,,,,,,
"ICD9","H63","H63","v",,,,,,,,"H8r",,,,,,
"ICD9","H64","H64","e",,,,,,,"H8",,,,,,,
"ICD9","H64","H64","v",,,,,,,,"H8r",,,,,,
"ICD9","H66","H66","e",6,,,,,,"H66",,,,,,,
"ICD9","H67","H67","e",,,,,,,"H67",,,,,,,
"ICD9","H72","H72","e",,,,,,,"H8",,,,,,,
"ICD9","H72","H72","v",,,,,,,,"H8r",,,,,,
"ICD9","H74","H74","e",,,,,,,"H8",,,,,,,
"ICD9","H74","H74","v",,,,,,,,"H8r",,,,,,
"ICD9","H81","H81","e",6,,,,,,"H81",,,,,,,
"ICD9","H82","H82","e",,,,,,,"H81",,,,,,,
"ICD9","H83","H83","e",,,,,,,"H8",,,,,,,
"ICD9","H83","H83","v",,,,,,,,"H8r",,,,,,
"ICD9","H84","H84","q",1,,,,,,"H8",,,,,,,
"ICD9","H84","H84","q",1,,,,,,"H67",,,,,,,
"ICD9","H84","H84","v",1,,,,,,,"H8r",,,,,,
"ICD10","H85","H85","y",,2,,,,,,,,,,,,
"ICD10","H86","H86","a",,,,,,,,,,,,,,
"ICD10","LOg","H86","r",,,,,,,,"H86r",,,,,,
"ICD10","H87","H87","a",,,,,,,,,,,,,,
"ICD10","LOg","H87","r",,,,,,,,"H87r",,,,,,
"ICD10","H88","H88","a",,,,,,,,,,,,,,
"ICD10","LOg","H88","r",,,,,,,,"H88r",,,,,,
"ICD10","H89","H89","a",,,,,,,,,,,,,,
"ICD10","LOg","H89","r",,,,,,,,"H89r",,,,,,
"ICD9","H90","H90","c",,,"H8w",1,,,"H90","H8s",,,,,,
"ICD9","H90","H90","s",,,"H8w",1,,,,"H8v",,,,,,
"ICD9","H92","H92","g",,1,"H9",1,,,"H92",,,,,,,
"ICD10","H96","H96","a",,,,,,,,,,,,,,
"ICD10","H98","H98","a",,,,,,,,,,,,,,
"ICD9","J02","J01","g",,,"J04",1,,,"J08",,,,,,,
"ICD9","J02","J02","e",,,,,,,"J08",,,,,,"J04",
"ICD9","J03","J03","e",,,,,,,"J03",,,,,,,
"ICD9","J04","J04","e",,,,,,,"J03",,,,,,"J02",
"ICD9","J05","J05","e",,,,,,,"J03",,,,,,,
"ICD9","J06","J06","e",,,,,,,"J03",,,,,,,
"ICD10","J07","J07","a",,,,,,,,,,,,,,
"ICD10","J08","J08","a",,,,,,,,,,,,,,
"ICD9","J09","J09","a",,,,,,,,,,,,,,
"ICD9","J10","J10","b",1,,,,,,,,,,,,,
"ICD9","J11","J11","k",6,,,,,,"J1","J2",,,,,,
"ICD9","J11","J11","k",6,,,,,,"J2","J1",,,,,,
"ICD9","J11","J11","q",6,,,,,,"J3",,,,,,,
"ICD9","J11","J11","q",6,,,,,,"J4",,,,,,,
"ICD9","J11","J11","q",,,,,,,"J3",,,,,9,,
"ICD9","J11","J11","q",,,,,,,"J4",,,,,9,,
"ICD9","J13","J12","k",7,,,,,,"J1","J2",,,,3,,
"ICD9","J13","J12","k",7,,,,,,"J2","J1",,,,3,,
"ICD9","J13","J12","q",7,,,,,,"J3",,,,,3,,
"ICD9","J13","J12","q",7,,,,,,"J4",,,,,3,,
"ICD9","J13","J13","k",6,,,,,,"J1","J2",,,,,,
"ICD9","J13","J13","k",6,,,,,,"J2","J1",,,,,,
"ICD9","J13","J13","q",6,,,,,,"J3",,,,,,,
"ICD9","J13","J13","q",6,,,,,,"J4",,,,,,,
"ICD9","J13","J13","q",,,,,,,"J3",,,,,9,,
"ICD9","J13","J13","q",,,,,,,"J4",,,,,9,,
"ICD9","J11","J14","c",,,"J11",1,,,"J1","Jpw",,,,,,
"ICD9","J11","J14","c",,,"J11",1,,,"J4","Jpw",,,,,,
"ICD9","J11","J15","g",,,"J11",1,,,"J1",,,,,,,
"ICD9","J11","J15","g",,,"J11",1,,,"J4",,,,,,,
"ICD9","J11","J16","n",,,,,,,"J1","Jpw",,,,,,
"ICD9","J11","J17","e",,,,,,,"J1",,,,,,,
"ICD9","J19","J18","n",,,,,,,"J1","Jpw",,,,,,
"ICD9","J19","J18","n",,,,,,,"J5","Jpw",,,,,,
"ICD9","J19","J19","q",,,,,,,"J1",,,,,,,
"ICD9","J19","J19","q",,,,,,,"J5",,,,,,,
"ICD10","J21","J20","u",,,,,,,,"Jpw",,,,,,
"ICD10","J21","J21","a",,,,,,,,,,,,,,
"ICD9","J32","J32","f",,,"J6",1,,,,,,,,,,
"ICD9","J33","J33","a",,,,,,,,,,,,,,
"ICD9","J33A","J33","e",,,,,,,"J33",,,,,,,
"ICD9","J34","J34","e",,,,,,,"J34",,,,,,,
"ICD10","J37","J37","a",,,,,,,,,,,,,,
"ICD10","J38","J38","a",,,,,,,,,,,,,,
"ICD10","LOg","J38","r",,,,,,,,"J38r",,,,,,
"ICD10","J39","J39","a",,,,,,,,,,,,,,
"ICD10","LOg","J39","r",,,,,,,,"J39r",,,,,,
"ICD10","J40","J40","e",,,"J40",1,,,,,,,,,,
"ICD10","J46","J46","a",,,,,,,,,,,,,,
"ICD10","J47","J47","a",,,,,,,,,,,,,,
"ICD10","J49","J49","a",,,,,,,,,,,,,,
"ICD10","LOg","J49","r",,,,,,,,"J49r",,,,,,
"ICD9","K01","K01","g",,,"K1",1,,,"K01",,,,,,,
"ICD9","K02","K02","g",,,"K2",1,,,"K9",,,,,,,
"ICD9","K02","K02","j",,,"K2",1,"K6",1,"K02",,,,,,,
"ICD9","K03","K03","a",,,,,,,,,,,,,,
"ICD9","K04","K04","a",,,,,,,,,,,,,"L01",
"ICD9","K05","K05","f",7,,"K3",1,,,,,,,,,,
"ICD10","K07u","K06","u",,2,,,,,,"K4",,,,,,
"ICD10","K07","K06","y",,2,,,,,,,,,,,,
"ICD10","K07u","K07","u",,1,,,,,,"K4",,,,,,
"ICD10","K07","K07","y",,1,,,,,,,,,,,,
"ICD10","K16","K16","a",,,,,,,,,,,,,,
"ICD10","K26","K26","a",,,,,,,,,,,,,,
"ICD10","K27","K27","a",,,,,,,,,,,,,,
"ICD10","K28","K28","a",,,,,,,,,,,,,,
"ICD10","K36","K36","a",,,,,,,,,,,,,,
"ICD10","K37","K37","a",,,,,,,,,,,,,,
"ICD10","K38","K38","a",,,,,,,,,,,,,,
"ICD10","K39","K39","u",,,,,,,,"K5",,,,,,
"ICD9","K46","K46","e",,,,,,,"K46",,,,,,,
"ICD10","K47","K47","a",,,,,,,,,,,,,,
"ICD10","LOg","K47","r",,,,,,,,"K47r",,,,,,
"ICD10","K48","K48","u",,,,,,,,"K7",,,,,,
"ICD9","K53","K53","e",,,,,,,"K53",,,,,,,
"ICD10","K54","K54","u",,,,,,,,"K54",,,,,,
"ICD9","K53","K55","n",,,,,,,"K55","K8",,,,,,
"ICD9","K53","K56","e",,,,,,,"K56",,,,,,,
"ICD9","K57","K57","e",,,,,,,"K57",,,,,,,
"ICD10","K58","K58","a",,,,,,,,,,,,,,
"ICD10","K59","K59","a",,,,,,,,,,,,,,
"ICD10","LOg","K59","r",,,,,,,,"K59r",,,,,,
"ICD10","K63","K63","g",,,"K3",1,"K6",1,,,,,,,,
"ICD9","K64","K64","g",,,"K3",1,,,"K64",,,,,,,
"ICD9","L01","L01","e",,,,,,,"L01",,,,,,"L2",
"ICD9","L02","L02","e",,,,,,,"L02",,,,,,"L2",
"ICD9","L02","L02","v",,,,,,,,"L6",,,,,,
"ICD9","L03","L03","a",,,,,,,,,,,,,"L2",
"ICD9","L05","L05","g",,,"L2",1,,,"L1",,,,,,,
"ICD9","L06","L06","g",,,"L2",1,,,"L1",,,,,,,
"ICD10","L07","L07","a",,,,,,,,,,,,,,
"ICD10","L08","L08","a",,,,,,,,,,,,,,
"ICD9","L12","L12","a",,,,,,,,,,,,,"L2",
"ICD9","L13","L13","a",,,,,,,,,,,,,"L2",
"ICD9","L15","L15","g",,,"L2",1,,,"L1",,,,,,,
"ICD9","L16","L16","g",,,"L2",1,,,"L1",,,,,,,
"ICD9","L21","L21","f",,,"L24",1,,,,,,,,,,
"ICD9","L22","L22","e",,,,,,,"L22",,,,,,"L2",
"ICD9","L23","L23","a",,,,,,,,,,,,,"L2",
"ICD9","L24","L24","a",,,,,,,,,,,,,,
"ICD9","L25","L25","g",,,"L2",1,,,"L1",,,,,,,
"ICD9","L26","L26","g",,,"L2",1,,,"L1",,,,,,,
"ICD10","L27","L27","a",,,,,,,,,,,,,,
"ICD10","L29","L29","a",,,,,,,,,,,,,,
"ICD9","L31","L31","e",,,,,,,"L31",,,,,,,
"ICD9","L32","L32","a",,,,,,,,,,,,,,
"ICD9","L43","L43","e",,,,,,,"L1",,,,,,,
"ICD9","L45","L45","g",,,"L2",1,,,"L1",,,,,,,
"ICD10","L46","L46","a",,,,,,,,,,,,,,
"ICD9","L52","L52","a",,,,,,,,,,,,,,
"ICD9","L53","L53","a",,,,,,,,,,,,,,
"ICD9","L54","L54","b",1,,,,,,,,,,,,,
"ICD9","L62","L62","a",,,,,,,,,,,,,,
"ICD9","L64","L64","b",1,,,,,,,,,,,,,
"ICD10","L69","L69","a",,,,,,,,,,,,,,
"ICD9","L72","L72","a",,,,,,,,,,,,,,
"ICD9","L81","L81","k",,2,,,,,"L81","LOg",,,,,,
"ICD10","L82","L82","a",,,,,,,,,,,,,,
"ICD10","L83","L83","a",,,,,,,,,,,,,,
"ICD10","L84","L84","a",,,,,,,,,,,,,,
"ICD10","LOg","L84","r",,,,,,,,"L84r",,,,,,
"ICD10","L85","L85","a",,,,,,,,,,,,,,
"ICD10","LOg","L85","r",,,,,,,,"L85r",,,,,,
"ICD10","L86","L86","a",,,,,,,,,,,,,,
"ICD9","L81","L87","k",,1,,,,,"L81","LOg",,,,,,
"ICD9","L91","L91","a",,,,,,,,,,,,,,
"ICD9","L92","L92","a",,,,,,,,,,,,,,
"ICD9","L93","L93","g",,2,"L3",1,,,"L4",,,,,,,
"ICD9","L93","L94","e",,2,,,,,"L4",,,,,,"L3",
"ICD9","L93","L95","g",,1,"L3",1,,,"L4",,,,,,,
"ICD9","L93","L96","e",,1,,,,,"L4",,,,,,"L3",
"ICD9","L97","L97","c",,,"L97",1,,,"L4","L5",,,,,,
"ICD9","M01","M01","e",,,,,,,"M01",,,,,,,
"ICD9","M02","M02","e",,,,,,,"M1",,,,,,,
"ICD9","M02","M02","v",,,,,,,,"M2",,,,,,
"ICD9","M03","M03","e",,,,,,,"M1",,,,,,,
"ICD9","M03","M03","v",,,,,,,,"M2",,,,,,
"ICD9","M04","M04","e",7,,,,,,"M1",,,,,,,
"ICD9","M04","M04","v",7,,,,,,,"M2",,,,,,
"ICD9","M05","M05","a",,,,,,,,,,,,,,
"ICD9","M01","M06","n",,,,,,,"M01","Mpw",,,,,,
"ICD9","M11","M11","e",,,,,,,"M11",,,,,,,
"ICD9","M12","M12","e",,,,,,,"M12",,,,,,,
"ICD9","M13","M13","q",,,,,,,"M1",,,,,,,
"ICD9","M13","M13","q",,,,,,,"M12",,,,,,,
"ICD9","M13","M13","v",,,,,,,,"M2",,,,,,
"ICD9","M14","M14","e",,,,,,,"M1",,,,,,,
"ICD9","M14","M14","v",,,,,,,,"M2",,,,,,
"ICD9","M15","M15","e",7,,,,,,"M1",,,,,,,
"ICD9","M15","M15","v",7,,,,,,,"M2",,,,,,
"ICD10","M16","M16","a",,,,,,,,,,,,,,
"ICD10","M17","M17","e",,,"M17",1,,,,,,,,,,
"ICD10","M18","M18","a",,,,,,,,,,,,,,
"ICD10","M19","M19","a",,,,,,,,,,,,,,
"ICD9","M11","M20","n",,,,,,,"M11","Mpw",,,,,,
"ICD9","M12","M21","n",,,,,,,"M12","Mpw",,,,,,
"ICD10","M26","M26","a",,,,,,,,,,,,,,
"ICD10","M27","M27","a",,,,,,,,,,,,,,
"ICD10","M29","M28","u",,,,,,,,"Mpw",,,,,,
"ICD10","M29","M29","a",,,,,,,,,,,,,,
"ICD10","M30","M30","a",,,,,,,,,,,,,"M17",
"ICD9","N03","N01","e",,,,,,,"N9",,,,,,,
"ICD9","N03","N01","g",,,"N1",1,,,"N01",,,,,,,
"ICD9","N03","N02","g",,,"N1",1,,,"N02",,,,,,,
"ICD9","N03","N03","m",12,,"N1",1,"N2",1,"N3","N03",,,,,,
"ICD10","N04","N04","y",7,,,,,,,,,,,,"N03",
"ICD10","N05","N05","e",8,,"N4",1,,,,,,,,,"N03",
"ICD10","N06","N06","e",9,,"N4",1,,,,,,,,,"N03",
"ICD10","N07","N07","e",,,"N5",1,,,,,,,,,"N03",
"ICD10","N08","N08","e",,,"N6",1,,,,,,,,,,
"ICD9","N03","N09","m",6,,"N5",1,"N1",1,"N07","N03",,,,,,
"ICD9","N03","N11","m",6,,"N5",1,"N1",1,"N07","NPpw",,,,,,
"ICD10","N20","N20","y",,8,,,,,,,,,,,,
"ICD9","N22","N21","c",10,8,"N22",1,,,"N7A","N7",,,,,,
"ICD9","N23","N21","c",10,8,"N23",1,,,"N8A","N7",,,,,,
"ICD9","N25","N21","c",10,8,"N25",1,,,"N8A","N8",,,,,,
"ICD9","N23","N21","g",10,8,"N23",1,,,"N7A",,,,,,,
"ICD9","N22","N21","l",10,8,"N22",1,,,"N8A","N7","N7",,,,,
"ICD9","N25","N21","q",10,8,,,,,"N8A",,,,,,,
"ICD9","N25","N21","q",10,8,,,,,"N7A",,,,,,,
"ICD10","N21","N21","y",10,8,,,,,,,,,,,,
"ICD9","N21","N21","y",10,8,,,,,,,,,,,,
"ICD9","N22","N22","c",,8,"N22",1,,,"N7","N7",,,,,,
"ICD9","N22","N22","l",,8,"N22",1,,,"N8","N7","N7",,,,,
"ICD9","N23","N23","c",,8,"N23",1,,,"N8","N7",,,,,,
"ICD9","N23","N23","g",,8,"N23",1,,,"N7",,,,,,,
"ICD9","N25","N24","c",,8,"N25",1,,,"N8","N8",,,,,,
"ICD9","N25","N25","q",,8,,,,,"N8",,,,,,,
"ICD9","N25","N25","q",,8,,,,,"N7",,,,,,,
"ICD9","N26","N26","g",,8,"N9a",1,,,"N26",,,,,,,
"ICD9","N31","N31","e",,6,,,,,"N31",,,,,,,
"ICD9","N32","N32","e",,6,,,,,"N31",,,,,,,
"ICD9","N33","N33","e",,6,,,,,"N31",,,,,,,
"ICD9","N34","N34","e",,6,,,,,"N31",,,,,,,
"ICD10","P01","P01","p",,1,,,,,,,,,,,,
"ICD10","P03","P03","p",,1,,,,,,,,,,,,
"ICD10","P04","P04","p",,1,,,,,,,,,,,,
"ICD10","P05","P05","p",,1,,,,,,,,,,,,
"ICD10","LOg","P05","r",,1,,,,,,"P05r",,,,,,
"ICD10","P06","P06","p",,1,,,,,,,,,,,,
"ICD10","P07","P07","p",,1,,,,,,,,,,,,
"ICD10","P08","P08","p",,1,,,,,,,,,,,,
"ICD10","P09","P09","p",,1,,,,,,,,,,,,
"ICD10","P10","P10","p",,1,,,,,,,,,,,,
"ICD10","LOg","P10","r",,1,,,,,,"P10r",,,,,,
"ICD10","P11","P11","p",,1,,,,,,,,,,,,
"ICD10","P12","P12","p",,1,,,,,,,,,,,,
"ICD10","P13","P13","p",,1,,,,,,,,,,,,
"ICD10","P14","P14","p",,1,,,,,,,,,,,,
"ICD10","P15","P15","p",,1,,,,,,,,,,,,
"ICD10","P16","P16","p",,1,,,,,,,,,,,,
"ICD10","P17","P17","p",,1,,,,,,,,,,,,
"ICD10","P18","P18","p",,1,,,,,,,,,,,,
"ICD10","P19","P19","p",,1,,,,,,,,,,,,
"ICD10","P20","P20","p",,1,,,,,,,,,,,,
"ICD10","LOg","P20","r",,1,,,,,,"P20r",,,,,,
"ICD10","P21","P21","p",,1,,,,,,,,,,,,
"ICD10","P22","P22","p",,1,,,,,,,,,,,,
"ICD10","P23","P23","p",,1,,,,,,,,,,,,
"ICD10","P24","P24","p",,1,,,,,,,,,,,,
"ICD10","P25","P25","p",,1,,,,,,,,,,,,
"ICD10","P27","P26","u",5,1,,,,,,"Ppw",,,,,,
"ICD10","P28","P26","u",5,1,,,,,,"Ppw",,,,,,
"ICD10","P27","P27","p",,1,,,,,,,,,,,,
"ICD10","P28","P28","p",,1,,,,,,,,,,,,
"ICD10","P29","P29","d",3,1,"P29",1,"P29",1,,,,,,,,
"ICD9","Q01","Q01","f",,,"Q1",1,,,,,,,,,,
"ICD9","Q02","Q02","w",,,"Q2",1,,,,,,,,,,
"ICD9","Q02","Q02","w",,,,,,,,"Qpw",,,,,,
"ICD9","Q03","Q03","a",,,,,,,,,,,,,,
"ICD9","Q11","Q11","f",,,"Q6",1,,,,,,,,,,
"ICD9","Q12","Q12","a",,,,,,,,,,,,,,
"ICD9","Q13","Q13","a",,,,,,,,,,,,,,
"ICD9","Q14","Q14","a",,,,,,,,,,,,,,
"ICD9","Q15","Q15","a",,,,,,,,,,,,,,
"ICD9","Q16","Q16","a",,,,,,,,,,,,,,
"ICD9","Q17","Q17","a",,,,,,,,,,,,,,
"ICD9","Q18","Q18","a",,,,,,,,,,,,,,
"ICD9","Q19","Q19","a",,,,,,,,,,,,,,
"ICD9","Q20","Q20","a",,,,,,,,,,,,,,
"ICD9","Q24","Q22","f",,,"Q3",1,,,,,,,,,,
"ICD9","Q24","Q23","f",,,"Q4",1,,,,,,,,,,
"ICD9","Q24","Q24","a",,,,,,,,,,,,,"Q3",
"ICD9","Q24","Q24","a",,,,,,,,,,,,,"Q4",
"ICD9","Q31","Q31","j",,,"Q8",1,"Q10",1,"Q33",,,,,,,
"ICD9","Q32","Q32","g",,,"Q8",1,,,"Q33",,,,,,,
"ICD9","Q33B","Q33","e",,,,,,,"Q33",,,,,,,
"ICD9","Q33A","Q33","g",,,"Q9",1,,,"Q33",,,,,,,
"ICD9","Q41","Q41","a",,,,,,,,,,,,,,
"ICD9","Q44","Q42","h",,,"Q1",1,,,,,,,,,,
"ICD9","Q44","Q42","h",,,"Q5",1,,,,,,,,,,
"ICD9","Q44","Q43","i",,,"Q1",1,"Q5",1,,,,,,,,
"ICD9","Q44","Q44","f",,,"Q7",1,,,,,,,,,,
"ICD9","Q45","Q45","a",,,,,,,,,,,,,,
"ICD9","Q46","Q46","a",,,,,,,,,,,,,,
"ICD9","Q47","Q47","f",,,"Q6",1,,,,,,,,,,
"ICD9","Q48","Q48","y",7,,,,,,,,,,,,,
"ICD9","Q51","Q51","e",,,,,,,"Q51",,,,,,,
"ICD9","Q52","Q52","e",,,,,,,"Q51",,,,,,,
"ICD10","Q66","Q66","a",,,,,,,,,,,,,,
"ICD10","LOg","Q66","r",,,,,,,,"Q66r",,,,,,
"ICD9","S01","S01","e",6,2,,,,,"S01",,,,,,,
"ICD10","S04","S02","y",6,,,,,,,,,,,,,
"ICD10","S04","S03","y",13,,,,,,,,,,,,,
"ICD10","S04","S04","y",1,,,,,,,,,,,,,
"ICD10","LOg","S05","r",6,,,,,,,"S07r",,,,,,
"ICD10","S07","S05","y",6,,,,,,,,,,,,,
"ICD10","LOg","S06","r",13,,,,,,,"S07r",,,,,,
"ICD10","S07","S06","y",13,,,,,,,,,,,,,
"ICD10","LOg","S07","r",1,,,,,,,"S07r",,,,,,
"ICD10","S07","S07","y",1,,,,,,,,,,,,,
"ICD9","S01","S08","e",6,1,,,,,"S01",,,,,,,
"ICD9","S21","S21","a",,,,,,,,,,,,,,
"ICD9","S22","S22","a",,,,,,,,,,,,,,
"ICD9","S23","S23","a",,,,,,,,,,,,,,
"ICD10","S33","S33","e",,2,"S33",1,,,,,,,,,,
"ICD9","S40","S40","e",,,,,,,"S1",,,,,,,
"ICD9","S40","S40","n",,,,,,,"S40","S2",,,,,,
"ICD9","S41","S41","e",,,,,,,"S43",,,,,,,
"ICD9","S42","S41","j",,,"S42",1,"S42",1,"S43",,,,,,,
"ICD9","S42","S42","g",,,"S42",1,,,"S43",,,,,,,
"ICD10","S43","S43","a",,,,,,,,,,,,,,
"ICD10","S44","S44","a",,,,,,,,,,,,,,
"ICD10","S51","S51","a",,,,,,,,,,,,,,
"ICD10","S52","S52","a",,,,,,,,,,,,,,
"ICD10","S53","S53","a",,,,,,,,,,,,,,
"ICD9","S54","S54","e",2,,,,,,"S54",,,,,,,
"ICD10","S55","S55","a",,,,,,,,,,,,,,
"ICD10","S57","S57","a",,,,,,,,,,,,,,
"ICD10","S60","S60","a",,,,,,,,,,,,,,
